cmobqk1vz000v1yzux9qtzxt3|E2E概念-代数|代数|10|1776964119696|1776964119696
cmoe04hbd00011y13ikvyogkw|一元一次方程|代数|25|1777101121706|1777101121706
cmoe04hbf00041y13q8lhbabt|勾股定理|几何|20|1777101121707|1777101121707
cmoe04hbg00071y136ebuccfc|二次函数|代数|30|1777101121709|1777101121709
cmoe04hbh000a1y13zwrk575i|概率统计|统计|25|1777101121710|1777101121710
concept-quadratic-radical|二次根式|代数|5|1777132309233|1777132330924
concept-pythagorean|勾股定理|几何|5|1777132309239|1777132330930
concept-quadrilateral|平行四边形|几何|5|1777132309242|1777132330933
concept-quadratic-equation|一元二次方程|代数|5|1777132309249|1777132330940
concept-data-analysis|数据的分析|统计与概率|5|1777132309254|1777132330945
