cmobn13dw00001yazwxsbc5sg|人教版||8|数学|2024|active|1776958196324|1776958196324
cmobpt8cr00001yzu3bdsn6ox|E2E测试教材-数学|E2E出版社|8|数学|2024|active|1776962868364|1776962868364
cmobpva4800071yzuh5k4mvvq|删除保护教材||9|数学||active|1776962963960|1776962963960
cmobqdhvg000n1yzubqecuj3i|TestTB||8|数学||active|1776963813820|1776963813820
cmobqkqdu000z1yzu6egdic83|TestBook||8|数学||active|1776964151443|1776964151443
cmoc8ganv000a1yge7w874yie|FinalTest||8|数学||active|1776994177531|1776994177531
cmoc9aml6001j1ygejr7a35vs|E2E测试教材-数学-1776995592650|E2E出版社|8|数学|2024|active|1776995592667|1776995592667
cmoc9bglt001u1yges73yia5b|删除保护教材-1776995631551||9|数学||active|1776995631569|1776995631569
cmoe9xi20001d1yejriclgwfa|E2E测试教材-数学-1777117592215|E2E出版社|8|数学|2024|active|1777117592233|1777117592233
cmoe9z3p1001o1yejz4nyqpzh|删除保护教材-1777117666913||9|数学||active|1777117666934|1777117666934
cmoeioxrf00001y71sruhgg68|人教版八年级下册||8|数学|2024|active|1777132309227|1777132330920
cmoek5fko000k1yctgiaai471|E2E测试教材-数学-1777134758405|E2E出版社|8|数学|2024|active|1777134758424|1777134758424
cmoek72oy00171yct48amopbv|E2E测试教材-数学-1777134835000|E2E出版社|8|数学|2024|active|1777134835042|1777134835042
cmoek7uf6001e1ycth3ctg8xa|删除保护教材-1777134870958||9|数学||active|1777134870979|1777134870979
cmoek9g9t00241ycta4hv4704|删除保护教材-1777134945932||9|数学||active|1777134945953|1777134945953
cmoet8ly9005b1ywavfsuro55|E2E测试教材-数学-1777150023143|E2E出版社|8|数学|2024|active|1777150023201|1777150023201
cmoet9pno005m1ywaoypl48tt|删除保护教材-1777150074644||9|数学||active|1777150074661|1777150074661
